Pool,Barcode,Sequence,Sample.name,Run_name,Model,CellID_suffix,Mouse_ID,Replicate
SLX-22258,SITTC10,AGAATGGTTT-GAGGGTGGGA,LN_090822_3,Long_BC_22258,STG139,1,AN21-021161,Primary 1
SLX-22258,SITTA6,TAACGCGTGA-CCCTAACTTC,LN_160822_25,Long_BC_22258,AB040,2,AN21-021169,Primary 1
SLX-22258,SITTB6,AATGCCATGA-TACGTAATGC,LN_160822_26,Long_BC_22258,IC07,3,M00021188,Secondary 1
SLX-22258,SITTC6,ACGACTACCA-ACGACCCTAA,LN_160822_27,Long_BC_22258,IC07,4,M00021196,Secondary 2
SLX-22050,SITTA10,CGTGACATGC-ATGGTCTAAA,LN_090822_1,Long_BC_22050,STG139,5,M00021166,Secondary 1
SLX-22050,SITTB10,GCCCGATGGA-AATCGTCTAG,LN_090822_2,Long_BC_22050,STG139,6,M00021171,Secondary 2
SLX-22050,SITTB11,TCTTACTTGC-TGACCTCTAG,LN_090822_10,Long_BC_22050,STG201,7,M00021179,Secondary 1a
SLX-22050,SITTC11,ATGGGTGAAA-CTTGGGAATT,LN_090822_11,Long_BC_22050,STG201,8,M00021180,Secondary 2
SLX-22050,SITTD11,CGAATATTCG-CTGGAAGCAA,LN_090822_12,Long_BC_22050,STG201,9,M00021181,Secondary 3
SLX-22050,SITTE11,TCCGGGACAA-GTGAATGCCA,LN_100822_13,Long_BC_22050,AB040,10,M00021195,Secondary 1
SLX-22050,SITTF11,TTCACACCTT-TAGTGTACAC,LN_100822_14,Long_BC_22050,AB040,11,M00021201,Secondary 2
SLX-22050,SITTG11,GATAACCTGC-CATTAGAAAC,LN_100822_15,Long_BC_22050,AB040,12,M00021202,Secondary 3
SLX-22131,SITTC10,AGAATGGTTT-GAGGGTGGGA,STG201-X4_BC12LN_M00021179_DM2,Long_BC_22131,STG201,13,M00021179,Secondary 1b
SLX-22131,SITTD10,ATGCGAATGG-ACAAGTGTCG,STG201-X4_BC1LN_AN21-021165_DM2,Long_BC_22131,STG201,14,AN21-021165,Primary 1
SLX-22131,SITTE10,CACAATCCCA-ATATCCACAA,STG139-X4_BC1LN_AN21-021160_DM2,Long_BC_22131,STG139,15,AN21-021160,Primary 2
SLX-22131,SITTF10,CCGGCAACTG-CGGTTTAACA,IC07-X4_BC1LN_AN21-021162_DM2,Long_BC_22131,IC07,16,AN21-021162,Primary 1
SLX-22131,SITTG10,ACTTTACGTG-TGAACGCCCT,NKI250-X2_BC1LN_M00024169_DM2,Long_BC_22131,NKI250,17,M00024169,Primary 1
SLX-21188,SITTB6,AATGCCATGA-TACGTAATGC,AB040-X4_BC1LN,Long_BC_21188,AB040,19,AN21-021170,Primary 2